sample	umi	label	family_size	mutations
synth1	AAAAAAAAAA	Scale_10	10	M184V
synth1	CCCCCCCCCC	Scale_20	20	K103N
synth1	GGGGGGGGGG	Scale_50	50	Y181C
synth1	TTTTTTTTTT	Scale_100	100	V106M
synth1	ACACACACAC	Mix_M184I_9of10	10	M184I
synth1	GTGTGTGTGT	Mix_L74V_2of20	20	WT
synth1	TATATATATA	Mix_E138A_7of10	10	NO_CALL
synth2	CATACCGATA	M184V_Size10	10	M184V
synth2	ACAACCACGA	M184V_Size10	10	M184V
synth2	GCTAGTAAGC	M184V_Size10	10	M184V
synth2	GCCGTCGCGC	M184V_Size10	10	M184V
synth2	CAATAAATCT	M184V_Size10	10	M184V
synth2	TATGCCACAT	Triple_Size20	20	K103N,V108I,M184V
synth2	GCCCGGAATT	Triple_Size20	20	K103N,V108I,M184V
synth2	AGGTCTGTTA	Triple_Size20	20	K103N,V108I,M184V
synth2	CTCGTAGCAA	Triple_Size20	20	K103N,V108I,M184V
synth2	ACGTATGCGG	Double_Size50	50	K103N,M184V
synth2	ACCCTCATTG	Double_Size50	50	K103N,M184V
synth2	GTCAGGTCCA	K103N_Size100	100	K103N
synth2	GCGCATAGGG	K103N_Size100	100	K103N
synth2	TAGGATAGGA	K103N_Size100	100	K103N
synth2	TCTGTACCAT	K103N_Size100	100	K103N
synth2	GCTCAATCAA	K103N_Size100	100	K103N
synth2	ACAGGAACAA	K103N_Size100	100	K103N
synth2	GCTGGAATTT	K103N_Size100	100	K103N
synth2	CCGATTGAAT	K103N_Size100	100	K103N
synth2	TTAGTGCAGG	K103N_Size100	100	K103N
synth2	GGGATATATG	K103N_Size100	100	K103N
synth2	TGTTGGCCAT	Wildtype_Mix	20	WT
synth2	GCCCACCGAG	Wildtype_Mix	20	WT
synth2	AACCAAGACC	Wildtype_Mix	20	WT
synth2	TCCGACATCT	Wildtype_Mix	20	WT
synth2	TGATGGAATG	Wildtype_Mix	20	WT
synth2	GGTAGCCGCA	Wildtype_Mix	20	WT
synth2	GTCGAAACTC	Wildtype_Mix	20	WT
synth2	CACTTGGATT	Wildtype_Mix	20	WT
